[{"pk": "7a186d08caecd7a6282c3f6a9f5cb19f", "model": "sessions.session", "fields": {"expire_date": "2012-08-28T04:27:23.477Z", "session_data": "M2NmYmY1ZWNmYzc2NGI2MTFmMDEyNjI0ZGE4OWIzN2Q1ZmZjZTNiYzqAAn1xAShVDXJlcXVlc3Rf\ndG9rZW5xAlWab2F1dGhfdG9rZW5fc2VjcmV0PTdxLlpiNkNMakNuNWJ5VXYtOVZZTXgza0pRLV9V\nVG5WRDVUVnl4cGxXOVJBMndMZ3N3WHI3QTAwJm9hdXRoX3Rva2VuPTdkNzNjMDZjLTA4YTgtNGM1\nMS1iNzM5LWZhYTVlNjRhOWI4ZCZvYXV0aF9jYWxsYmFja19jb25maXJtZWQ9dHJ1ZVUMY29uc3Vt\nZXJfa2V5cQNVJGNkMTQ5OGQzLTYxYTUtNGUwMy1hOThiLTA2NWM0MjEyZmQzOXEEdS4=\n"}}, {"pk": 1, "model": "sites.site", "fields": {"domain": "example.com", "name": "example.com"}}, {"pk": 1, "model": "wordbot.oauthtoken", "fields": {"access_token": "oauth_token=eb4a7017-4ee8-46e0-b988-e98e40254b48&oauth_token_secret=kG1mGkYldS6zIcanmGkgQV8K2F.9NFRJFg3LqtHwIzQxmqJe4kdT4A00", "consumer_key": "cd1498d3-61a5-4e03-a98b-065c4212fd39"}}, {"pk": 1, "model": "wordbot.botinfo", "fields": {"status": "\uc2ec\ub9ac\ud14c\uc2a4\ud2b8 \ubd07", "callback": "http://192.168.164.123:8000/callback/", "oauth_token": 1, "name": "bizone_bot", "profile_image": "bot_info/profile_images/1_\uc2a4\ud06c\ub9b0\uc0f7_2012-08-16_\uc624\ud6c4_5.31.50.png"}}, {"pk": 1, "model": "wordbot.survey", "fields": {"result_help_description": "\ud68c\ud53c\uc131 \uc131\uaca9\uc7a5\uc560\ub294 \ub300\uc778\uad00\uacc4\uc5d0\uc11c \ub108\ubb34 \uc608\ubbfc\ud558\uace0 \ubbfc\uac10\ud558\uc5ec \ube44\ub09c\uacfc \uac70\uc808\uc744 \ub450\ub824\uc6cc\ud558\uace0 \uc774\ub7ec\ud55c \uc778\uac04\uad00\uacc4\uac00 \ub108\ubb34\ub098 \ubd80\ub2f4\uc2a4\ub7ec\uc6cc \uc0ac\ud68c\uc801\uc778 \uc811\ucd09\uc744 \ud68c\ud53c\ud558\ub294 \uc0ac\ub78c\ub4e4\uc744 \uac00\ub9ac\ud0b5\ub2c8\ub2e4.", "name": "\ud68c\ud53c\uc131 \uc131\uaca9\uc7a5\uc560 \ud14c\uc2a4\ud2b8", "description": "\ud68c\ud53c\uc131 \uc131\uaca9\uc7a5\uc560\ub97c \uc790\uac00 \uc9c4\ub2e8 \ud574\ubd05\ub2c8\ub2e4."}}, {"pk": 2, "model": "wordbot.survey", "fields": {"result_help_description": "\uc758\uc874\uc131 \uc131\uaca9\uc7a5\uc560\ub294 \ubcf4\uc0b4\ud54c\uc744 \ubc1b\uace0 \uc2f6\uc740 \uacfc\uc789\uc695\uad6c \ub54c\ubb38\uc5d0 \uc885\uc18d\uc801\uc73c\ub85c \ub9e4\ub2ec\ub9ac\ub294 \ud589\ub3d9\uc744 \ud558\uace0 \ubd84\ub9ac\uc5d0 \ub300\ud55c \uacf5\ud3ec\ub97c \ub290\ub07c\ub294 \uc131\uaca9\uc7a5\uc560\uc785\ub2c8\ub2e4.", "name": "\uc758\uc874\uc131 \uc131\uaca9\uc7a5\uc560 \ud14c\uc2a4\ud2b8", "description": "\uc758\uc874\uc131 \uc131\uaca9\uc7a5\uc560\ub97c \uc790\uac00\uc9c4\ub2e8 \ud574\ubd05\ub2c8\ub2e4."}}, {"pk": 3, "model": "wordbot.survey", "fields": {"result_help_description": "\ub9de\ub098\uc694 \uc544\ub2cc\uac00\uc694?", "name": "\ub098\ub294 \uc5b4\ub5a4 \ud0c0\uc785\uc758 \uc0ac\ub78c\uc77c\uae4c?", "description": "\uc2ec\uc2ec\ud480\uc774\ub85c \ub0b4\uac00 \uc5b4\ub5a4 \ud0c0\uc785\uc758 \uc0ac\ub78c\uc778\uc9c0 \uc54c\uc544\ubcf4\uc544\uc694!"}}, {"pk": 4, "model": "wordbot.survey", "fields": {"result_help_description": "", "name": "\uac78\uc74c \uac78\uc774\ub85c \uc54c\uc544\ubcf4\ub294 \ub098\uc758 \uc131\uaca9", "description": "\uc7ac\ubbf8\ub85c \ud558\ub294\uac70..."}}, {"pk": 1, "model": "wordbot.question", "fields": {"content": "\uac70\uc808\ub2f9\ud558\uac70\ub098 \ubc30\ucc99\ub2f9\ud558\ub294 \uac83\uc774 \uc2eb\uc5b4\uc11c \uc0ac\ub78c\ub4e4\uacfc \uc811\ucd09\uc774 \ub9ce\uc740 \uc77c\uc740 \ud558\uace0 \uc2f6\uc9c0 \uc54a\ub2e4", "survey": 1}}, {"pk": 2, "model": "wordbot.question", "fields": {"content": "\ub098\ud55c\ud14c \ud638\uac10\uc744 \uac16\uace0 \uc788\uc9c0 \uc54a\uc740 \uc0ac\ub78c\uacfc\ub294 \uadf8\ub2e4\uc9c0 \uad00\uacc4\ub97c \ub9fa\uace0 \uc2f6\uc9c0 \uc54a\ub2e4", "survey": 1}}, {"pk": 3, "model": "wordbot.question", "fields": {"content": "\ub0a8\uc774 \ub098\ub97c \uc2eb\uc5b4\ud558\uba74 \uc548 \ub418\ubbc0\ub85c \uce5c\ud55c \uc0ac\uc774\uc5d0\uc11c\ub3c4 \uc790\uc2e0\uc744 \uc5b5\uc81c\ud558\uba70 \uc0ac\uadc0\ub294 \ud3b8\uc774\ub2e4", "survey": 1}}, {"pk": 4, "model": "wordbot.question", "fields": {"content": "\ubc14\ubcf4 \ucde8\uae09 \ub2f9\ud558\uc9c0\ub098 \uc54a\uc744\uc9c0, \ub3d9\ub8cc\ub4e4 \uc0ac\uc774\uc5d0\uc11c \uc678\ud1a8\uc774\uac00 \ub418\uc9c0\ub294 \uc54a\uc744\uc9c0 \ud56d\uc0c1 \ubd88\uc548\ud558\ub2e4", "survey": 1}}, {"pk": 5, "model": "wordbot.question", "fields": {"content": "\ub9cc\ub098\uae30\ub85c \ud55c \uc57d\uc18d\uc744 \ubc14\ub85c \uc9c1\uc804\uc5d0 \ucde8\uc18c\ud560 \ub54c\uac00 \uc790\uc8fc \uc788\ub2e4", "survey": 1}}, {"pk": 6, "model": "wordbot.question", "fields": {"content": "\uc5b4\uca0c\ub4e0 \ub098\ub294 \ub9e4\ub825\uc801\uc774\uc9c0 \uc54a\uc73c\ubbc0\ub85c \ub0a8\ub4e4\uc774 \ub098\ub97c \uadf8\ub2e4\uc9c0 \uc88b\uc544\ud558\uc9c0 \uc54a\ub294 \uac83 \uac19\ub2e4", "survey": 1}}, {"pk": 7, "model": "wordbot.question", "fields": {"content": "\uc0c8\ub85c\uc6b4 \uc77c\uc744 \ud558\ub824 \ud574\ub3c4 \uc798\ub418\uc9c0 \uc54a\uc744\uc9c0 \ubaa8\ub978\ub2e4\ub294 \ubd88\uc548\uac10\uc5d0 \uc2e4\ud589\ud558\uc9c0 \ubabb\ud558\ub2e4\uac00 \ud3ec\uae30\ud574 \ubc84\ub9b4 \ub54c\uac00 \uc885\uc885 \uc788\ub2e4", "survey": 1}}, {"pk": 8, "model": "wordbot.question", "fields": {"content": "\ub300\uc218\ub86d\uc9c0 \uc54a\uc740 \uc77c\ub3c4 \ud63c\uc790\uc11c\ub294 \uacb0\uc815\ud558\uc9c0 \ubabb\ud558\ub294 \ud3b8\uc774\ub2e4", "survey": 2}}, {"pk": 9, "model": "wordbot.question", "fields": {"content": "\uc911\uc694\ud55c \uc77c\uc774\ub098 \uadc0\ucc2e\uc740 \uc77c\uc740 \ub0a8\ud55c\ud14c \uc2dc\ud0ac \ub54c\uac00 \ub9ce\ub2e4", "survey": 2}}, {"pk": 10, "model": "wordbot.question", "fields": {"content": "\ubd80\ud0c1 \ubc1b\uc73c\uba74 \uac70\uc808\ud558\uc9c0 \ubabb\ud558\uace0 \uc751\ud55c\ub2e4", "survey": 2}}, {"pk": 11, "model": "wordbot.question", "fields": {"content": "\uc77c\uc744 \uc2a4\uc2a4\ub85c \uacc4\ud68d\ud574\uc11c \uc194\uc120\uc218\ubc94\ud558\uae30\ubcf4\ub2e4\ub294 \ub0a8\ub4e4 \ud558\ub294\ub300\ub85c \ub530\ub77c\uc11c \ud558\ub294 \ud3b8\uc774 \uc18d \ud3b8\ud558\ub2e4", "survey": 2}}, {"pk": 12, "model": "wordbot.question", "fields": {"content": "\uc0c1\ub300\ud55c\ud14c \uc798 \ubcf4\uc774\ub824\uace0 \ud558\uae30 \uc2eb\uc740 \uc77c\uc744 \ud560 \ub54c\ub3c4 \uc788\ub2e4", "survey": 2}}, {"pk": 13, "model": "wordbot.question", "fields": {"content": "\ub098 \ud63c\uc790\uc11c\ub294 \uc0b4\uc544\uac08 \uc790\uc2e0\uc774 \uc5c6\ub2e4", "survey": 2}}, {"pk": 14, "model": "wordbot.question", "fields": {"content": "\uc560\uc778\uc774\ub098 \uce5c\uad6c\uc640 \ud5e4\uc5b4\uc9c0\uba74 \ubc14\ub85c \ub300\uc2e0\ud560 \uc0ac\ub78c\uc744 \uad6c\ud558\ub294 \ud3b8\uc774\ub2e4", "survey": 2}}, {"pk": 15, "model": "wordbot.question", "fields": {"content": "\uc18c\uc911\ud55c \uc0ac\ub78c\ud55c\ud14c \ubc84\ub9bc\ubc1b\uc744\uae4c\ubd10 \ubd88\uc548\ud558\ub2e4", "survey": 2}}, {"pk": 16, "model": "wordbot.question", "fields": {"content": "\ub2f9\uc2e0\uc740 \ub0a8\uc131\uc785\ub2c8\uae4c? \uc5ec\uc131\uc785\ub2c8\uae4c?", "survey": 3}}, {"pk": 17, "model": "wordbot.question", "fields": {"content": "\uadc0\uac00\uae38\uc5d0 \ubca4\uce58\uc5d0 \uc549\uc544 \uc788\ub294 \ub0a8\ub140 \ucee4\ud50c\uc744 \ubcf4\uc558\uc2b5\ub2c8\ub2e4.  \ub9cc\uc57d\uc5d0 \ub2f9\uc2e0\uc774 \ub450 \uc0ac\ub78c \uc0ac\uc774\uc5d0 \ubb54\uac00\ub97c \ub193\ub294\ub2e4\uba74, \ub2e4\uc74c \uc911 \uc5b4\ub290 \uac83\uc744 \ub193\uaca0\uc2b5\ub2c8\uae4c?", "survey": 3}}, {"pk": 18, "model": "wordbot.question", "fields": {"content": "\ub2f9\uc2e0\uc774\ub098 \ud639\uc740 \uc5f0\uc778\uc758 \uac78\uc74c\uac70\ub9ac\uac00 \ub2e4\uc74c\uc911\uc5d0\uc11c \uc5b4\ub5a4 \uac83\uacfc \uac00\uc7a5 \ube44\uc2b7\ud55c\uac00?  ", "survey": 4}}, {"pk": 1, "model": "wordbot.answer", "fields": {"content": "\uadf8\ub807\ub2e4", "question": 1, "weight": 2, "sequence": 1}}, {"pk": 4, "model": "wordbot.answer", "fields": {"content": "\uadf8\ub807\ub2e4", "question": 2, "weight": 2, "sequence": 1}}, {"pk": 7, "model": "wordbot.answer", "fields": {"content": "\uadf8\ub807\ub2e4", "question": 3, "weight": 2, "sequence": 1}}, {"pk": 10, "model": "wordbot.answer", "fields": {"content": "\uadf8\ub807\ub2e4", "question": 4, "weight": 2, "sequence": 1}}, {"pk": 13, "model": "wordbot.answer", "fields": {"content": "\uadf8\ub807\ub2e4", "question": 5, "weight": 2, "sequence": 1}}, {"pk": 16, "model": "wordbot.answer", "fields": {"content": "\uadf8\ub807\ub2e4", "question": 6, "weight": 2, "sequence": 1}}, {"pk": 19, "model": "wordbot.answer", "fields": {"content": "\uadf8\ub807\ub2e4", "question": 7, "weight": 2, "sequence": 1}}, {"pk": 22, "model": "wordbot.answer", "fields": {"content": "\uadf8\ub807\ub2e4", "question": 8, "weight": 2, "sequence": 1}}, {"pk": 25, "model": "wordbot.answer", "fields": {"content": "\uadf8\ub807\ub2e4", "question": 9, "weight": 2, "sequence": 1}}, {"pk": 28, "model": "wordbot.answer", "fields": {"content": "\uadf8\ub807\ub2e4", "question": 10, "weight": 2, "sequence": 1}}, {"pk": 31, "model": "wordbot.answer", "fields": {"content": "\uadf8\ub807\ub2e4", "question": 11, "weight": 2, "sequence": 1}}, {"pk": 34, "model": "wordbot.answer", "fields": {"content": "\uadf8\ub807\ub2e4", "question": 12, "weight": 2, "sequence": 1}}, {"pk": 37, "model": "wordbot.answer", "fields": {"content": "\uadf8\ub807\ub2e4", "question": 13, "weight": 2, "sequence": 1}}, {"pk": 40, "model": "wordbot.answer", "fields": {"content": "\uadf8\ub807\ub2e4", "question": 14, "weight": 2, "sequence": 1}}, {"pk": 43, "model": "wordbot.answer", "fields": {"content": "\uadf8\ub807\ub2e4", "question": 15, "weight": 2, "sequence": 1}}, {"pk": 46, "model": "wordbot.answer", "fields": {"content": "\ub0a8\uc131", "question": 16, "weight": 0, "sequence": 1}}, {"pk": 48, "model": "wordbot.answer", "fields": {"content": "\ud578\ub4dc\ubc31", "question": 17, "weight": 0, "sequence": 1}}, {"pk": 52, "model": "wordbot.answer", "fields": {"content": "\ud754\ub4e4\uae30\ub3c4 \ud558\uba74\uc11c \ud798\uaecf \ub0b4\ub51b\ub294 \uac83\ucc98\ub7fc \uac77\ub294\ub2e4. ", "question": 18, "weight": 0, "sequence": 1}}, {"pk": 2, "model": "wordbot.answer", "fields": {"content": "\uc560\ub9e4\ud558\ub2e4", "question": 1, "weight": 1, "sequence": 2}}, {"pk": 5, "model": "wordbot.answer", "fields": {"content": "\uc560\ub9e4\ud558\ub2e4", "question": 2, "weight": 1, "sequence": 2}}, {"pk": 8, "model": "wordbot.answer", "fields": {"content": "\uc560\ub9e4\ud558\ub2e4", "question": 3, "weight": 1, "sequence": 2}}, {"pk": 11, "model": "wordbot.answer", "fields": {"content": "\uc560\ub9e4\ud558\ub2e4", "question": 4, "weight": 1, "sequence": 2}}, {"pk": 14, "model": "wordbot.answer", "fields": {"content": "\uc560\ub9e4\ud558\ub2e4", "question": 5, "weight": 1, "sequence": 2}}, {"pk": 17, "model": "wordbot.answer", "fields": {"content": "\uc560\ub9e4\ud558\ub2e4", "question": 6, "weight": 1, "sequence": 2}}, {"pk": 20, "model": "wordbot.answer", "fields": {"content": "\uc560\ub9e4\ud558\ub2e4", "question": 7, "weight": 1, "sequence": 2}}, {"pk": 23, "model": "wordbot.answer", "fields": {"content": "\uc560\ub9e4\ud558\ub2e4", "question": 8, "weight": 1, "sequence": 2}}, {"pk": 26, "model": "wordbot.answer", "fields": {"content": "\uc560\ub9e4\ud558\ub2e4", "question": 9, "weight": 1, "sequence": 2}}, {"pk": 29, "model": "wordbot.answer", "fields": {"content": "\uc560\ub9e4\ud558\ub2e4", "question": 10, "weight": 1, "sequence": 2}}, {"pk": 32, "model": "wordbot.answer", "fields": {"content": "\uc560\ub9e4\ud558\ub2e4", "question": 11, "weight": 1, "sequence": 2}}, {"pk": 35, "model": "wordbot.answer", "fields": {"content": "\uc560\ub9e4\ud558\ub2e4", "question": 12, "weight": 1, "sequence": 2}}, {"pk": 38, "model": "wordbot.answer", "fields": {"content": "\uc560\ub9e4\ud558\ub2e4", "question": 13, "weight": 1, "sequence": 2}}, {"pk": 41, "model": "wordbot.answer", "fields": {"content": "\uc560\ub9e4\ud558\ub2e4", "question": 14, "weight": 1, "sequence": 2}}, {"pk": 44, "model": "wordbot.answer", "fields": {"content": "\uc560\ub9e4\ud558\ub2e4", "question": 15, "weight": 1, "sequence": 2}}, {"pk": 47, "model": "wordbot.answer", "fields": {"content": "\uc5ec\uc131", "question": 16, "weight": 1, "sequence": 2}}, {"pk": 49, "model": "wordbot.answer", "fields": {"content": "\uc11c\ub958\ubd09\ud22c", "question": 17, "weight": 2, "sequence": 2}}, {"pk": 53, "model": "wordbot.answer", "fields": {"content": "\ube60\ub974\uace0 \ubd80\uc0b0\ud558\uac8c \uac77\ub294\ub2e4.", "question": 18, "weight": 1, "sequence": 2}}, {"pk": 3, "model": "wordbot.answer", "fields": {"content": "\uc544\ub2c8\ub2e4", "question": 1, "weight": 0, "sequence": 3}}, {"pk": 6, "model": "wordbot.answer", "fields": {"content": "\uc544\ub2c8\ub2e4", "question": 2, "weight": 0, "sequence": 3}}, {"pk": 9, "model": "wordbot.answer", "fields": {"content": "\uc544\ub2c8\ub2e4", "question": 3, "weight": 0, "sequence": 3}}, {"pk": 12, "model": "wordbot.answer", "fields": {"content": "\uc544\ub2c8\ub2e4", "question": 4, "weight": 0, "sequence": 3}}, {"pk": 15, "model": "wordbot.answer", "fields": {"content": "\uc544\ub2c8\ub2e4", "question": 5, "weight": 0, "sequence": 3}}, {"pk": 18, "model": "wordbot.answer", "fields": {"content": "\uc544\ub2c8\ub2e4", "question": 6, "weight": 0, "sequence": 3}}, {"pk": 21, "model": "wordbot.answer", "fields": {"content": "\uc544\ub2c8\ub2e4", "question": 7, "weight": 0, "sequence": 3}}, {"pk": 24, "model": "wordbot.answer", "fields": {"content": "\uc544\ub2c8\ub2e4", "question": 8, "weight": 0, "sequence": 3}}, {"pk": 27, "model": "wordbot.answer", "fields": {"content": "\uc544\ub2c8\ub2e4", "question": 9, "weight": 0, "sequence": 3}}, {"pk": 30, "model": "wordbot.answer", "fields": {"content": "\uc544\ub2c8\ub2e4", "question": 10, "weight": 0, "sequence": 3}}, {"pk": 33, "model": "wordbot.answer", "fields": {"content": "\uc544\ub2c8\ub2e4", "question": 11, "weight": 0, "sequence": 3}}, {"pk": 36, "model": "wordbot.answer", "fields": {"content": "\uc544\ub2c8\ub2e4", "question": 12, "weight": 0, "sequence": 3}}, {"pk": 39, "model": "wordbot.answer", "fields": {"content": "\uc544\ub2c8\ub2e4", "question": 13, "weight": 0, "sequence": 3}}, {"pk": 42, "model": "wordbot.answer", "fields": {"content": "\uc544\ub2c8\ub2e4", "question": 14, "weight": 0, "sequence": 3}}, {"pk": 45, "model": "wordbot.answer", "fields": {"content": "\uc544\ub2c8\ub2e4", "question": 15, "weight": 0, "sequence": 3}}, {"pk": 50, "model": "wordbot.answer", "fields": {"content": "\ud070 \uc120\ubb3c\uafb8\ub7ec\ubbf8", "question": 17, "weight": 4, "sequence": 3}}, {"pk": 54, "model": "wordbot.answer", "fields": {"content": "\ubcf4\ud3ed\uc774 \ub113\uace0 \ub4f1\uc744 \uc57d\uac04 \uc55e\uc73c\ub85c \uad6c\ubd80\ub824\uc11c \uac77\ub294\ub2e4.", "question": 18, "weight": 2, "sequence": 3}}, {"pk": 51, "model": "wordbot.answer", "fields": {"content": "\uaf43", "question": 17, "weight": 6, "sequence": 4}}, {"pk": 55, "model": "wordbot.answer", "fields": {"content": "\uac78\uc74c\uc774 \uc9c0\uadf8\uc7ac\uadf8\ub85c \uc5b4\uc9c0\ub7fd\uac8c \uac77\ub294\ub2e4.", "question": 18, "weight": 3, "sequence": 4}}, {"pk": 56, "model": "wordbot.answer", "fields": {"content": "\uc88c\uc6b0\ub85c \ubc1c\uc744 \ubc8c\ub9ac\uace0 \ud314\uc790 \uac78\uc74c\uc73c\ub85c \uac77\ub294\ub2e4. ", "question": 18, "weight": 4, "sequence": 5}}, {"pk": 57, "model": "wordbot.answer", "fields": {"content": "\uc57d\uac04 \uc548\uc9f1\ub2e4\ub9ac\ub85c \uac77\ub294\ub2e4.", "question": 18, "weight": 5, "sequence": 6}}, {"pk": 58, "model": "wordbot.answer", "fields": {"content": "\ubc1c\uc790\uad6d \uc18c\ub9ac\ub97c \ub0b4\uba74\uc11c \uac77\ub294\ub2e4.", "question": 18, "weight": 6, "sequence": 7}}, {"pk": 59, "model": "wordbot.answer", "fields": {"content": "\uac00\ub791\uc774\uac00 \uc11c\ub85c \ube44\ubcbc\uc9c0\uac8c \uac77\ub294\ub2e4. ", "question": 18, "weight": 7, "sequence": 8}}, {"pk": 60, "model": "wordbot.answer", "fields": {"content": "\ubcf4\ud3ed\uc774 \ub113\uace0 \uac78\uc74c\uc774 \ube60\ub974\ub2e4.", "question": 18, "weight": 8, "sequence": 9}}, {"pk": 3, "model": "wordbot.result", "fields": {"weight_start": 0, "code": null, "survey": 1, "description": "\ud68c\ud53c\uc131 \uc131\uaca9\uc7a5\uc560\uac00 \ub098\ud0c0\ub098\uc9c0 \uc54a\ub294 \ubd84\uc785\ub2c8\ub2e4.", "weight_end": 4}}, {"pk": 4, "model": "wordbot.result", "fields": {"weight_start": 5, "code": null, "survey": 1, "description": "\ud68c\ud53c\uc131 \uc131\uaca9\uc7a5\uc560\uac00 \ub098\ud0c0\ub0a9\ub2c8\ub2e4.\r\n", "weight_end": 100}}, {"pk": 5, "model": "wordbot.result", "fields": {"weight_start": 0, "code": null, "survey": 2, "description": "\uc758\uc874\uc131 \uc131\uaca9\uc7a5\uc560\uac00 \ub098\ud0c0\ub098\uc9c0 \uc54a\uc2b5\ub2c8\ub2e4.", "weight_end": 4}}, {"pk": 6, "model": "wordbot.result", "fields": {"weight_start": 5, "code": null, "survey": 2, "description": "\uc758\uc874\uc131 \uc131\uaca9\uc7a5\uc560\uac00 \ub098\ud0c0\ub0a9\ub2c8\ub2e4.", "weight_end": 1000}}, {"pk": 7, "model": "wordbot.result", "fields": {"weight_start": 0, "code": null, "survey": 3, "description": "\uc774\uac83\uc744 \uc120\ud0dd\ud55c \ub2f9\uc2e0\uc740 \ud3c9\uc18c \uc790\uc2e0\uc774 \uc5ec\uc131 \uc5d0\uac8c \uc778\uae30\uac00 \uc5c6\ub2e4\ub294 \ucef4\ud50c\ub809\uc2a4\uac00 \uc758\uc678\ub85c \uac15\ud55c \uc0ac\ub78c\uc785\ub2c8\ub2e4. \uc544\ub9c8\ub3c4 \uc9c0\uae08\uae4c\uc9c0\uc758 \uc5ec\uc131\uacfc\uc758 \uc0ac\uadd0\uc5d0\uc11c \uc88b\uc9c0 \uc54a\uc558\ub358 \uae30\uc5b5\uc774 \ub354 \ub9ce\uc558\uc744 \uc9c0\ub3c4 \ubaa8\ub985\ub2c8\ub2e4. \uadf8\ub807\uae30 \ub54c\ubb38\uc5d0 \uc5ec\uc131\uc5d0\uac8c \uc9c0\ub098\uce60 \uc815\ub3c4\ub85c \uc870\uc2ec\uc131\uc788\uac8c \ub300\ud558\ub294 \ub098\uba38\uc9c0, \uc880\ucc98\ub7fc \ub2e4\uac00\uac08 \uc218 \uc5c6\uace0 \uc774\uc0c1\ud615\uc758 \uc5ec\uc131\uc744 \ub3d9\uacbd\ud558\ub294 \uacbd\ud5a5\uc774 \uc788\uc2b5\ub2c8\ub2e4.", "weight_end": 0}}, {"pk": 8, "model": "wordbot.result", "fields": {"weight_start": 1, "code": null, "survey": 3, "description": "\ub0a8\uc131\uc5d0 \ub300\ud574 \ubd88\uc2e0\uac10\uc774\ub098 \uac70\ubd80\uac10\uc744 \uac16\uace0 \uc788\uc9c0 \ub294 \uc54a\ub098\uc694? \uae30\uc5b5\ud558\uace0 \uc2f6\uc9c0 \uc54a\uc740 \uc88b\uc9c0 \uc54a\uc740 \uacfc\uac70\uc5d0 \ub300\ud55c \ucd94\uc5b5\uc774 \uc788\uc5b4 \uac89\uc73c\ub85c\ub294 \ud3c9\ubc94\ud574 \ubcf4\uc774\uc9c0\ub9cc \ub9c8\uc74c \uc18d\uc73c\ub85c\uc758 \uc0c1\ucc98 \uac00 \uc544\uc9c1 \uce58\uc720\ub418\uc9c0 \uc54a\uc558\uc744 \uac83\uc785\ub2c8\ub2e4. \ub2f9\uc2e0\uc740 \uc880 \ub354 \uc131\uc2e4\ud558\uace0 \uc9c4\uc2e4\ud55c \ub0a8\uc790\ub97c \uae30\ub300\ud558\uace0 \uc788\ub294 \uc0ac\ub78c\uc785\ub2c8\ub2e4.", "weight_end": 1}}, {"pk": 9, "model": "wordbot.result", "fields": {"weight_start": 2, "code": null, "survey": 3, "description": "\uc2a4\uc2a4\ub85c \uaf64 \uc790\uc2e0\ub9cc\ub9cc\ud574\ud558\ub294 \uc0ac\ub78c\uc73c\ub85c \uc5ec\uc131\uc744 \uace0\ub974\ub294 \ucde8\ud5a5\uc5d0 \uc788\uc5b4\uc11c\ub3c4 \ub9e4\uc6b0 \uae4c\ub2e4\ub85c\uc6b4 \uc0ac\ub78c\uc785\ub2c8\ub2e4. \uc774\uc0c1 \uc774 \ub192\uae30 \ub54c\ubb38\uc5d0 \uc790\uae30\uac00 \uc6d0\ud558\ub294 \uc5ec\uc131\uc744 \ucc3e\uc544 \uc5b4\ub514\ub85c\ub4e0 \uac08 \uc218 \uc788\uc744 \uac83 \uac19\uc740 \uc0ac\ub78c\uc785\ub2c8\ub2e4. \uc801\uadf9\uc801\uc73c\ub85c \uc811\uadfc\ud574\uc624\ub294 \uc5ec\uc131\uc740 \uc2eb\uc5b4\ud558\uba70, \ub178\uace8\uc801\uc73c\ub85c \uc2eb\uc740 \ub0b4\uc0c9\uc744 \ud558\uace0 \uc0c1\ub300\ud558\ub294 \ub0c9\uc815\ud55c \uba74\ub3c4 \uc788\uc2b5\ub2c8\ub2e4.", "weight_end": 2}}, {"pk": 10, "model": "wordbot.result", "fields": {"weight_start": 3, "code": null, "survey": 3, "description": "\uc560\uc778\uc774\ub098 \uc88b\uc544\ud558\ub294 \uc0ac\ub78c\uc774 \uc788\ub2e4 \ud558\ub354\ub77c\ub3c4, \uc9c0\uae08\uc740 \ub3c8\uc774\ub098 \uc77c, \uacf5\ubd80\uc5d0 \ub300\ud55c \uad00\uc2ec\uc774 \ub354 \ub192\uc740 \ub54c\uc785\ub2c8\ub2e4. \ud2b9\ud788 \uc57c\ud55c \uac83\ub9cc \uc0dd\uac01\ud558\uace0 \uc788\ub294 \ub0a8\uc131\uacfc\ub294 \uc808\ub300 \uc811\ucd09\ud574\uc11c\ub294 \uc548\ub429\ub2c8\ub2e4. \uc9c0\uae08\uc740 \uc790\uc2e0\uc774 \uc815\ub9d0\ub85c \ud558\uace0 \uc2f6\uc5b4\ud558\ub294 \uc77c\uc744 \uc774\ud574\ud574 \uc904 \uc218 \uc788\ub294 \ub0a8\uc131\uc774 \ud544\uc694\ud560 \ub54c\uc785\ub2c8\ub2e4.", "weight_end": 3}}, {"pk": 11, "model": "wordbot.result", "fields": {"weight_start": 4, "code": null, "survey": 3, "description": "\uac1c\uc911\uc5d0\ub294 \uc5ec\uc131\uacfc\uc758 \uc811\ucd09\uc5d0 \ud610\uc624\uac10\uc744 \ub290\ub07c\ub294 \uacb0\ubcbd\uc99d\uc744 \uac00\uc9c0\uace0 \uc788\ub294 \uc0ac\ub78c\ub3c4 \uc788\uc744\uc9c0 \ubaa8\ub985\ub2c8\ub2e4. \uadf8\ub807\uae30 \ub54c\ubb38\uc5d0 \uc0ac\uc774\uac00 \uc88b\uc740 \ub450\uc0ac\ub78c\uc744 \ubcf4\uba74, \ubd88\uc548\ud574\uc9c0\uac70\ub098 \uad1c\ud788 \uc2ec\uc220\uc744 \ubd80\ub9ac\uace0 \uc2f6\uc5b4\uc9d1\ub2c8\ub2e4. \uc790\uc2e0\uc758 \ub9c8\uc74c\uacfc \ud589\ub3d9\uc774 \uc77c\uce58 \ud558\uc9c0 \uc54a\ub294 \uac83\uc5d0\ub3c4 \uadf8\ub2e4\uc9c0 \ud06c\uac8c \uc2e0\uacbd\uc4f0\uc9c0 \uc54a\ub294 \uc0ac\ub78c\uc785\ub2c8\ub2e4.", "weight_end": 4}}, {"pk": 13, "model": "wordbot.result", "fields": {"weight_start": 6, "code": null, "survey": 3, "description": "\uaf43\uc744 \uc120\ud0dd\ud55c \ub2f9\uc2e0\uc740 \ub300\ub2e8\ud55c \ub85c\ub9e8\ud2f0\uc2a4\ud2b8 \uc785\ub2c8\ub2e4. \uc131\uc5d0 \ub300\ud55c \ub3d9\uacbd\uc774 \uac15\ud558\uace0 \uc790\uae30\uac00 \uc88b\uc544\ud558\ub294 \uc0ac\ub78c \uc5d0\uac8c \ucd5c\uc120\uc744 \ub2e4\ud560 \uc218 \uc788\ub294 \uc0ac\ub78c\uc785\ub2c8\ub2e4. \uc5ec\uc131\uc5d0\uac8c \uae08\ubc29 \ub9e4\ub825\uc744 \ub290\uaef4 \uc27d\uac8c \ube60\uc838\ub4e4\uc9c0\ub9cc, \uc0c1\ub300\ubc29\uc758 \ub9c8\uc74c\uc744 \uc77d\ub294 \ub370 \uc11c\ud234\ub7ec \ub0c9\uc815\ud788 \uc808\uad50\ub2f9\ud558\ub294 \uacbd\uc6b0\ub3c4 \uc788\uc2b5\ub2c8\ub2e4.\r\n", "weight_end": 6}}, {"pk": 14, "model": "wordbot.result", "fields": {"weight_start": 7, "code": null, "survey": 3, "description": "\uc9c0\uae08 \ub2f9\uc2e0\uc740 \uafc8\uacfc \ubaa8\ud5d8\uc744 \ucd94\uad6c\ud558\ub824\ub294 \uc695\uc2ec\uc73c\ub85c \uac00\ub4dd\ud569\ub2c8\ub2e4. \uadf8\uc640 \uba4b\uc788\ub294 \uc5f0\uc560\ub97c \ud558\uace0 \uacb0\ud63c\ud574\uc11c \ub294 \uadc0\uc5fd\uace0 \ub611\ub611\ud55c \uc544\uc774\ub97c \ub0b3\uc544\uc57c\uc9c0 \ud558\ub294 \ub4f1\uc758 \ubd80\ud47c \uae30\ub300\uac00 \ub9c8\uc74c\uc18d\uc5d0 \uac00\ub4dd\ud569\ub2c8\ub2e4. \uc5f0\uc778\uc774 \uc5c6\ub294 \uc0ac\ub78c\uc740 \ub54c\ub54c\ub85c \uc5ec\ud589\uc9c0\uc5d0\uc11c\uc758 \ucda9\ub3d9\uc801\uc778 \ub85c\ub9e8\uc2a4, \ud639\uc740 \uc6b4\uba85\uc801\uc778 \ub9cc\ub0a8\uc744 \uae30\ub300\ud558\uace0 \uc788\uae30\ub3c4 \ud569\ub2c8\ub2e4.", "weight_end": 7}}, {"pk": 15, "model": "wordbot.result", "fields": {"weight_start": 5, "code": null, "survey": 3, "description": "\ub0a8\uc131\uc5d0 \ub300\ud558\uc5ec \ud544\uc694 \uc774\uc0c1\uc73c\ub85c \uacbd\uacc4\uc2ec\uc744 \uac00\uc9c0\uace0 \uc788\ub294\uc9c0\ub3c4 \ubaa8\ub985\ub2c8\ub2e4. \ud2b9\ud788 \ub9d0\uc774 \uccad\uc0b0\uc720\uc218\uc778 \uc0ac\ub78c\uc5d0\uac8c\ub294 \uc2e0\ub8b0\uac00 \uac00\uc9c0 \uc54a\uc744 \uac83\uc785\ub2c8\ub2e4. \ub2f9\uc2e0\uc740 \uc529\uc529\ud568\uacfc, \uc5ec\uc790\ub97c \ubc30\ub824\ud574 \uc8fc\ub294 \ub530\ub4ef\ud55c \ub9c8\uc74c\uc744 \ub3d9\uc2dc\uc5d0 \uac00\uc9c0\uace0 \uc788\ub294 \ub0a8\uc131\uc744 \uae30\ub300\ud558\uace0 \uc788\uc2b5\ub2c8\ub2e4. \uc774\ub7ec\ud55c \uae30\ub300\uac00 \ub108\ubb34 \ud06c\uae30 \ub54c\ubb38\uc5d0 \uc624\ud788\ub824 \uc8fc\uc704\uc758 \ub0a8\uc131\uacfc \ubcbd\uc744 \uc313\uc544 \ubc84\ub9ac\uae30 \uc27d\uc2b5\ub2c8\ub2e4.", "weight_end": 5}}, {"pk": 16, "model": "wordbot.result", "fields": {"weight_start": 0, "code": null, "survey": 4, "description": "\uc131\uaca9\uc740 \uc6d0\ub9cc\ud558\uace0 \uacac\uc2e4\ud55c \uc0ac\ub78c\uc774\ub2e4. \uadf8\ub9ac\uace0 \uac74\uac15\uc0c1\ud0dc\ub3c4 \ub9e4\uc6b0 \uc591\ud638\ud55c \ud3b8\uc774\ub2e4. \r\n\uc544\ub9c8\ub3c4 \ub9c8\uc774\ud398\uc774\uc2a4\uc778 \ub178\ub825\ud615\uc77c \uac83\uc774\ub2e4.", "weight_end": 0}}, {"pk": 17, "model": "wordbot.result", "fields": {"weight_start": 1, "code": null, "survey": 4, "description": "\ubcf4\ud1b5 \uc0dd\uac01\ubcf4\ub2e4 \ud589\ub3d9\uc774 \uc55e\uc11c\ub294 \ud0c0\uc785\uc73c\ub85c \uc0dd\uac01\uc804\uc5d0 \ud589\ub3d9\uc744 \uba3c\uc800 \ud558\ub294 \uc77c\uc774 \ub9ce\uc744 \uac83\uc774\ub2e4. \r\n\ub610, \uc88b\uace0 \uc2eb\uc74c\uc758 \uaca9\ucc28\uac00 \uc2ec\ud574\uc11c \uadf8 \ucc28\uc774\uac00 \ubd84\uba85\ud558\uac8c \ub09c\ub2e4.", "weight_end": 1}}, {"pk": 18, "model": "wordbot.result", "fields": {"weight_start": 2, "code": null, "survey": 4, "description": "\uc774 \ud0c0\uc785\uc758 \uc0ac\ub78c\uc740 \uc57c\uc2ec\uac00\uc774\uba70 \uc790\uc2e0\uc758 \uacfc\uc789\uc73c\ub85c \uc778\ud574 \uc8fc\uc704\uc5d0\uc11c \uc8fc\ubaa9\uc744 \ubc1b\uc9c0 \ubabb\ud558\uba74 \ub9cc\uc871\ud558\uc9c0 \uc54a\ub294\ub2e4. \r\n\ub610, \uacfc\uc789 \ud0d3\uc73c\ub85c \uc2e4\ud328 \uac00\ub2a5\uc131\ub3c4 \uc788\uc73c\uba70, \uc2e4\ud328\uac00 \uc788\uc73c\uba74 \uc190\ud574\uac00 \ud074 \uac83\uc774\ub2e4.\r\n", "weight_end": 2}}, {"pk": 19, "model": "wordbot.result", "fields": {"weight_start": 3, "code": null, "survey": 4, "description": "\uc5b4\ub5a0\ud55c \uc77c\uc774 \uc788\ub4e0\uc9c0 \ubd88\uc548\ud574 \ud558\uba70, \uac08\ud53c\ub97c \uc7a1\uc9c0 \ubabb\ud558\uace0 \ud5e4\uba54\uc778\ub2e4. \uadf8\ub807\uae30 \ub54c\ubb38\uc5d0 \uc77c\uc5d0 \ucc29\uc218\ud568\uc5d0 \uc788\uc5b4\uc11c \uc790\uc2e0\uac10\ub3c4 \ubd80\uc871\ud55c \ud3b8\uc774\ub2e4.\r\n", "weight_end": 3}}, {"pk": 20, "model": "wordbot.result", "fields": {"weight_start": 4, "code": null, "survey": 4, "description": "\uc790\uae30\uc758 \ud604\uc2dc\uc695\uc774 \uac15\ud55c \ud3b8\uc774\ub2e4. \ub2e4\ub978 \uc0ac\ub78c\uc5d0\uac8c \uc774\ub7f0\uc800\ub7f0 \ub9d0\uc744 \ub4e3\ub294 \uac83\uc744 \ubb34\ucc99\uc774\ub098 \uc2eb\uc5b4\ud55c\ub2e4. \r\n\uadf8\ub7f0 \ubc18\uba74\uc5d0 \uc8fc\ubcc0\uc758 \ubd80\ucd94\uae40\uc5d0\ub294 \ubb34\ucc99 \uc57d\ud558\ub2e4.", "weight_end": 4}}, {"pk": 21, "model": "wordbot.result", "fields": {"weight_start": 5, "code": null, "survey": 4, "description": "\uc5b4\ub5a0\ud55c \uc0ac\ubb3c\uc5d0 \ub300\ud574\uc11c \uc870\uae08\uc740 \ube44\uad00\uc801\uc73c\ub85c \uc0dd\uac01\ud558\ub294 \uacbd\ud5a5\uc774 \uc788\ub2e4. \uadf8\ub9ac\uace0 \uc57d\uac04 \uc18c\uadf9\uc801\uc778 \uc131\uaca9\uc758 \uc18c\uc720\uc790\ub2e4.\r\n", "weight_end": 5}}, {"pk": 22, "model": "wordbot.result", "fields": {"weight_start": 6, "code": null, "survey": 4, "description": "\uc131\uaca9\uc740 \uc21c\uc9c4\ud558\uace0 \uc815\uc9c1\ud55c \ud3b8\uc774\ub098 \uc57d\uac04 \ub35c\ub801\uac70\ub9ac\ub294 \uba74\uc774 \uc5c6\uc9c0\uc54a\uc544 \uc788\uc5b4\uc11c, \uadf8\uac83\uc774 \ub2e8\uc810\uc774\ub77c \ud560\uc218 \uc788\ub2e4.\r\n", "weight_end": 6}}, {"pk": 23, "model": "wordbot.result", "fields": {"weight_start": 7, "code": null, "survey": 4, "description": "\uc778\uac04 \uad00\uacc4\ub294 \uc88b\uc740 \ud3b8\uc774\uba70, \uac10\uc815\uc744 \uac89\uc73c\ub85c \uc798 \ub4dc\ub7ec\ub0b4\uc9c0\ub294 \uc54a\ub294 \ud0c0\uc785. \uc5b4\ub5a0\ud55c \uc77c\uc774\ub4e0 \uc2e0\uc911\ud788 \ud310\ub2e8\ud558\ub294 \ud0c0\uc785\uc774\ub2e4.\r\n", "weight_end": 7}}, {"pk": 24, "model": "wordbot.result", "fields": {"weight_start": 8, "code": null, "survey": 4, "description": "\ub9e4\uc6b0 \uaf3c\uaf3c\ud55c \uc2a4\ud0c0\uc77c\uc774\uace0, \ubb34\uc2a8 \uc77c\uc73c\ub4e0 \ud55c\ubc88 \uacb0\uc815\ud558\uace0 \ub098\uba74 \ub05d\uae4c\uc9c0 \ud574\ub0b4\ub294 \ud0c0\uc785\uc774\ub2e4. \r\n\uaf3c\uaf3c\ud558\uace0 \ud0c1\uc6d4\ud55c \ub2a5\ub825 \ud0d3\uc5d0, \uc8fc\ubcc0\uc5d0 \uc801\uc774 \ub9ce\uc744\uc9c0\ub3c4 \ubaa8\ub978\ub2e4.", "weight_end": 8}}, {"pk": 1, "model": "wordbot.deck", "fields": {"buddy_id": "PU_zuuZzMSDokY0", "name": "\ub098\uac00", "description": "\ud14c\uc2a4\ud2b8"}}, {"pk": 2, "model": "wordbot.deck", "fields": {"buddy_id": "PU_zuuZzMSDokY0", "name": "\ub098\uac002", "description": "\ud14c\uc2a4\ud2b8"}}, {"pk": 3, "model": "wordbot.deck", "fields": {"buddy_id": "PU_zuuZzMSDokY0", "name": "\ub098\uac003", "description": "\ud14c\uc2a4\ud2b8"}}, {"pk": 4, "model": "wordbot.deck", "fields": {"buddy_id": "PU_zuuZzMSDokY0", "name": "\ub098\uac004", "description": "\ud14c\uc2a4\ud2b8"}}, {"pk": 7, "model": "wordbot.deck", "fields": {"buddy_id": "PU_zuuZzMSDokY0", "name": "\ub098\uac007", "description": "\ud14c\uc2a4\ud2b8"}}, {"pk": 1, "model": "wordbot.card", "fields": {"status": "normal", "deck": 1, "flip_status": true, "tag": null, "side2": "1", "side1": "1"}}, {"pk": 1, "model": "wordbot.status", "fields": {"buddy_id": "PU_zuuZzMSDokY0", "deck": 1}}]